Code,Name,Marcap
005930,삼성전자,1756806721704000
000660,SK하이닉스,1609281940170000
402340,SK스퀘어,182366489452000
005935,삼성전자우,163282539810500
009150,삼성전기,127576832768000
005380,현대차,98181348797000
373220,LG에너지솔루션,77571000000000
032830,삼성생명,73700000000000
028260,삼성물산,70299646363500
207940,삼성바이오로직스,65686859469000
105560,KB금융,61006290248000
000270,기아,60123601692000
329180,HD현대중공업,58568363550000
012450,한화에어로스페이스,58215079729000
034020,두산에너빌리티,52590070086600
055550,신한지주,51594929040700
034730,SK,46474232623000
012330,현대모비스,45094093751000
068270,셀트리온,41371304297400
006400,삼성SDI,36062024675000
086790,하나금융지주,34350842049600
267260,HD현대일렉트릭,33127317065000
010120,LS ELECTRIC,31650000000000
035420,NAVER,31110824564400
000810,삼성화재,30494224059000
066570,LG전자,29612427188400
298040,효성중공업,28402573208000
042660,한화오션,27699770817600
009540,HD한국조선해양,25549094876000
005490,POSCO홀딩스,25079943295500
015760,한국전력,24490929537550
006800,미래에셋증권,23949462464000
316140,우리금융지주,22971229467100
010130,고려아연,22563679489000
000150,두산,21780708075000
042700,한미반도체,20635091300000
064350,현대로템,20376866103100
010140,삼성중공업,19976000000000
011070,LG이노텍,19691033024000
051910,LG화학,18989340267000
138040,메리츠금융지주,18876772394400
033780,KT&G,18727406262400
017670,SK텔레콤,18536381573900
079550,LIG디펜스앤에어로스페이스,18480000000000
011200,HMM,18289384238300
096770,SK이노베이션,17006710472800
024110,기업은행,16985171009700
267250,HD현대,16193582425000
018260,삼성에스디에스,15823760100000
035720,카카오,15703141651300
047810,한국항공우주,15508289523700
003550,LG,15376226806800
278470,에이피알,15162452775000
086280,현대글로비스,14700000000000
010950,S-Oil,14196690071200
030200,KT,13987203517500
003670,포스코퓨처엠,13955661918000
071050,한국금융지주,13597142048000
307950,현대오토에버,13410327198000
272210,한화시스템,13375492741200
000720,현대건설,12449574527000
005940,NH투자증권,11367385371100
259960,크래프톤,11188424502500
006260,LS,10935600000000
323410,카카오뱅크,10759065854350
003490,대한항공,10715221235100
016360,삼성증권,10492750000000
0126Z0,삼성에피스홀딩스,10314023810500
352820,하이브,10085926266000
005830,DB손해보험,9648201407700
028050,삼성E&A,9476600000000
039490,키움증권,9284823864000
443060,HD현대마린솔루션,9101192380000
003230,삼양식품,9054684030000
161390,한국타이어앤테크놀로지,8968554995600
180640,한진칼,8966174069700
047050,포스코인터내셔널,8813731678800
078930,GS,7617430590000
007660,이수페타시스,7605195088400
005387,현대차2우B,7604654775000
090430,아모레퍼시픽,7375936909900
000880,한화,7114249027100
064400,LG씨엔에스,7111428583200
047040,대우건설,7092265831880
021240,코웨이,6800749638600
326030,SK바이오팜,6656626250000
004170,신세계,6583291157000
241560,두산밥캣,6326500290000
032640,LG유플러스,6222110551120
001440,대한전선,6124768625000
267270,HD건설기계,6124418436600
062040,산일전기,6117046830000
353200,대덕전자,5890497460000
138930,BNK금융지주,5750359921490
029780,삼성카드,5688671548100
128940,한미약품,5591997571500
000100,유한양행,5575332070000
271560,오리온,5553794714000
036570,NC,5536813654000
034220,LG디스플레이,5485000000000
377300,카카오페이,5396966767500
009830,한화솔루션,5302884735600
454910,두산로보틱스,5218008390000
175330,JB금융지주,5214624276800
005385,현대차우,5076658800000
023530,롯데쇼핑,5015596261500
000990,DB하이텍,4976924867200
011790,SKC,4905271672200
088980,맥쿼리인프라,4827533689440
001040,CJ,4499093091600
000500,가온전선,4218494325000
082740,한화엔진,4155667671600
066970,엘앤에프,4113589420200
002380,KCC,4077329152000
052690,한전기술,3913728000000
069960,현대백화점,3901092580800
088350,한화생명,3860615850000
051900,LG생활건강,3826246126500
018880,한온시스템,3781777504120
010060,OCI홀딩스,3752716632000
004020,현대제철,3703120533750
111770,영원무역,3673420697200
012510,더존비즈온,3494865960000
103590,일진전기,3328440222000
336260,두산퓨얼셀,3209192574000
035250,강원랜드,3209107500000
251270,넷마블,3203641726100
383220,F&F,3171825810000
001450,현대해상,3162710075000
009420,한올바이오파마,3134438280000
022100,포스코DX,3124313680950
036460,한국가스공사,3055560300000
097950,CJ제일제당,3048472665000
031210,서울보증보험,3033748433100
139130,iM금융지주,3026167143720
302440,SK바이오사이언스,3016654462850
011780,금호석유화학,2950954222500
483650,달바글로벌,2877715282500
161890,한국콜마,2856214317000
450080,에코프로머티,2825473413000
017800,현대엘리베이터,2806833243000
001720,신영증권,2781648000000
014680,한솔케미칼,2780756997500
012750,에스원,2751140487200
004800,효성,2716968056100
028670,팬오션,2715613120960
011170,롯데케미칼,2711961564600
006360,GS건설,2695816935000
005850,에스엘,2689369308000
375500,DL이앤씨,2569256567200
026960,동서,2527395000000
085620,미래에셋생명,2510292600000
000240,한국앤컴퍼니,2496796812000
489790,한화비전,2481504368500
004990,롯데지주,2461695267200
081660,미스토홀딩스,2418333312000
003690,코리안리,2405173231910
009970,영원무역홀딩스,2392569999900
139480,이마트,2345644615000
005440,현대지에프홀딩스,2307383654800
204320,HL만도,2291507456000
279570,케이뱅크,2251608088050
004370,농심,2195833762000
030000,제일기획,2188084099500
007070,GS리테일,2186333902250
282330,BGF리테일,2182957327800
007340,DN오토모티브,2159050918500
008930,한미사이언스,2144075092500
462870,시프트업,2126219825000
192820,코스맥스,2120088281200
008770,호텔신라,2111548909800
071970,HD현대마린엔진,2103132690000
018670,SK가스,2101394388000
051600,한전KPS,2045250000000
457190,이수스페셜티케미컬,1997467439200
439260,대한조선,1942525230000
002790,아모레퍼시픽홀딩스,1903808682000
020150,롯데에너지머티리얼즈,1900866306900
281820,케이씨텍,1900671456000
103140,풍산,1886033909400
00680K,미래에셋증권2우B,1863225000000
120110,코오롱인더,1850664777600
000155,두산우,1830379596000
001740,SK네트웍스,1811362817670
009155,삼성전기우,1767446272000
073240,금호타이어,1766650765050
112610,씨에스윈드,1764873215550
000120,CJ대한통운,1754269253600
395400,SK리츠,1751922548400
011210,현대위아,1724168262200
007810,코리아써키트,1712359068000
023590,다우기술,1629767296800
097230,HJ중공업,1619898471360
069620,대웅제약,1587360775000
001800,오리온홀딩스,1585127780200
020560,아시아나항공,1577888846260
006040,동원산업,1553756828800
229640,LS에코에너지,1502150314950
475150,SK이터닉스,1478507973600
001120,LX인터내셔널,1474818000000
006280,녹십자,1457311288600
003540,대신증권,1417529174400
192080,더블유게임즈,1397448888000
415640,KB발해인프라,1383539236920
093370,후성,1363215244300
322000,HD현대에너지솔루션,1348480000000
032350,롯데관광개발,1317064566160
005070,코스모신소재,1315297011600
012630,HDC,1302369517800
007310,오뚜기,1290521260000
017960,한국카본,1284160677100
181710,NHN,1274097107100
361610,SK아이이테크놀로지,1267700050000
000815,삼성화재우,1267458930000
034230,파라다이스,1265317358120
294870,IPARK현대산업개발,1260807222900
298020,효성티앤씨,1226897847000
082640,동양생명,1217288131800
066575,LG전자우,1190664020700
030610,교보증권,1171539239080
089860,롯데렌탈,1167346824200
001430,세아베스틸지주,1163725761550
004000,롯데정밀화학,1154550000000
003570,SNT다이내믹스,1152205951050
001820,삼화콘덴서,1135134000000
300720,한일시멘트,1081114572300
077970,STX엔진,1079982894700
000080,하이트진로,1075849592740
003090,대웅,1065161073600
330590,롯데리츠,1050401893340
057050,현대홈쇼핑,1047600000000
003530,한화투자증권,1046993142000
051915,LG화학우,981859760000
185750,종근당,979997380000
280360,롯데웰푸드,970162099600
000210,DL,961875075600
003240,태광산업,960864200000
195870,해성디에스,955400000000
005300,롯데칠성,944590391200
009450,경동나비엔,944044761600
071055,한국금융지주우,937320160000
192400,쿠쿠홀딩스,933507356250
100090,SK오션플랜트,917803715010
006340,대원전선,905686504800
003470,유안타증권,892108872260
451800,한화리츠,876448000000
006120,SK디스커버리,861109986950
030190,NICE평가정보,850093334610
499790,GS피앤엘,840827658400
365550,ESR켄달스퀘어리츠,833011265000
009240,한샘,824864176400
036530,SNT홀딩스,823346243000
456040,OCI,808410298500
071320,지역난방공사,795459712800
137310,에스디바이오센서,787284145040
079160,CJ CGV,768302665440
214320,이노션,754400000000
285130,SK케미칼,743846938000
248070,솔루엠,733501060240
003850,보령,733480619850
004490,세방전지,729036000000
006650,대한유화,722150000000
005690,파미셀,721848288420
075580,세진중공업,714029167360
000670,영풍,709731829650
093050,LF,707608000000
298050,HS효성첨단소재,704695820400
064960,SNT모티브,704644221600
025540,한국단자,697935000000
00088K,한화3우B,689827877550
002350,넥센타이어,685628496540
000370,한화손해보험,680587874450
003160,디아이,679200000000
010780,아이에스동서,676188262400
114090,GKL,662474225700
090460,비에이치,659397683280
108320,LX세미콘,656264505000
002960,한국쉘석유,653900000000
069260,TKG휴켐스,643020189240
317450,명인제약,641670000000
000400,롯데손해보험,639292819200
293940,신한알파리츠,637354448210
001570,금양,633275240400
005090,SGC에너지,632569718700
005880,대한해운,622256871520
00104K,CJ4우(전환),621297264000
001680,대상,621239088250
006380,카프로,618539985360
005180,빙그레,617317464600
002020,코오롱,612469416000
007700,F&F홀딩스,610184125200
017940,E1,605738000000
033240,자화전자,597392130300
383800,LX홀딩스,595752188900
001060,JW중외제약,594955511500
001270,부국증권,593157479200
003620,KG모빌리티,592958492160
002840,미원상사,579025000000
001510,SK증권,575924761650
453340,현대그린푸드,574422374030
000640,동아쏘시오홀딩스,567552026100
079900,전진건설로봇,566190746000
336370,솔루스첨단소재,563143098880
014820,동원시스템즈,560981306700
178920,PI첨단소재,556198138680
006110,삼아알미늄,553518453000
100840,SNT에너지,539768436300
020000,한섬,537998699700
002990,금호건설,533562827680
094800,맵스리얼티,530084030010
003300,한일홀딩스,529067579040
268280,미원에스씨,527500000000
016380,KG스틸,526046798220
249420,일동제약,521398392960
001500,현대차증권,520015900040
039130,하나투어,518138225400
005810,풍산홀딩스,510372136800
448730,삼성FN리츠,509880000000
003545,대신증권우,507612090050
009410,태영건설,505605542522
284740,쿠쿠홈시스,499230592500
002240,고려제강,491130000000
005389,현대차3우B,488764920000
058650,세아홀딩스,487008692800
145990,삼양사,483185085650
001530,DI동일,482673969300
005945,NH투자증권우,479322587200
005250,녹십자홀딩스,478276895700
377740,바이오노트,474788983680
161000,애경케미칼,472378964390
008060,대덕,470557953920
003030,세아제강지주,470492235200
031430,신세계인터내셔날,460765620000
000070,삼양홀딩스,453370354400
014830,유니드,444631320000
019170,신풍제약,436122103040
001200,유진투자증권,432508556370
004690,삼천리,429410396800
090435,아모레퍼시픽우,426008440500
034310,NICE,424912734920
072710,농심홀딩스,424357785000
016610,DB증권,420643714990
004700,조광피혁,418230780200
460860,동국제강,417203422970
003000,부광약품,411431678070
357120,코람코라이프인프라리츠,409781840340
029530,신도리코,409517977350
016590,신대양제지,407813938400
381970,케이카,405701246880
417310,코람코더원리츠,405212000000
452260,한화갤러리아,402258690750
403550,쏘카,400645787520
009900,명신산업,395624802820
015360,INVENI,394852500000
003280,흥아해운,391892585370
005420,코스모화학,389075349640
027410,BGF,386695835640
130660,한전산업,377997000000
092230,KPX홀딩스,374726100200
001940,KISCO홀딩스,374256432000
271940,일진하이솔루스,372936461300
008730,율촌화학,372744000000
089590,제주항공,371754940850
002030,아세아,370799245200
344820,KCC글라스,368918827200
02826K,삼성물산우B,368365090000
950210,프레스티지바이오파마,366586545500
194370,제이에스코퍼레이션,365901318380
006220,제주은행,363622118340
017810,풀무원,362907559840
037710,광주신세계,359621159800
004710,한솔테크닉스,359164930280
000157,두산2우B,357215200000
105630,한세실업,357200000000
145720,덴티움,356597892850
306200,세아제강,354821130000
002810,삼영무역,354196062640
005610,삼립,353789369000
011930,신성이엔지,353733690440
060980,HL홀딩스,353167148300
0120G0,삼양바이오팜,352832031500
170900,동아에스티,348742311150
183190,아세아시멘트,343592497600
017900,광전자,341868201700
007690,국도화학,341724700800
104700,한국철강,338620500000
097520,엠씨넥스,336545010000
005950,이수화학,335250654750
029460,케이씨,328411943000
006405,삼성SDI우,326814992000
126560,현대퓨처넷,325419099200
005720,넥센,325247217630
009160,SIMPAC,323259436760
010690,화신,322664588400
002310,아세아제지,321119011400
012030,DB,319464205604
009290,광동제약,314734786560
011760,현대코퍼레이션,314187942500
126720,수산인더스트리,313577700000
105840,우진,312255978200
016800,퍼시스,311650000000
018250,애경산업,306091146650
192650,드림텍,305714886560
005680,삼영전자,303800000000
108670,LX하우시스,303555629500
200880,서연이화,302177925660
272450,진에어,300150000000
015860,일진홀딩스,300032696640
024720,콜마홀딩스,298377453300
058430,포스코스틸리온,298200000000
004430,송원산업,298080000000
010820,퍼스텍,297508821800
091810,트리니티항공,296512090230
484870,엠앤씨솔루션,293382495000
034830,한국토지신탁,291877549880
092790,넥스틸,289662280000
025860,남해화학,288137289400
001390,KG케미칼,287085038100
078520,에이블씨엔씨,284334779730
026890,스틱인베스트먼트,283802526840
084690,대상홀딩스,282819921780
096760,JW홀딩스,282762903150
033270,유나이티드제약,280347855500
084010,대한제강,280128507400
017390,서울가스,276705000000
123890,한국자산신탁,276565072760
217590,티엠씨,275156049500
003960,사조대림,272184669900
002900,TYM,270756000000
001750,한양증권,269208494100
005430,한국공항,268506904000
286940,롯데이노베이트,267335914890
001340,PKC,262964039760
001230,동국홀딩스,262808038350
003120,일성아이에스,261611000000
003920,남양유업,260100000000
002320,한진,256677908640
002710,TCC스틸,256369956660
298000,효성화학,254051337000
003200,일신방직,253937600000
298690,에어부산,253495540832
010955,S-Oil우,253381401000
004360,세방,253281739750
000430,대원강업,250170000000
003070,코오롱글로벌,248646319020
334890,이지스밸류플러스리츠,244806607575
122900,아이마켓코리아,244030532000
005500,삼진제약,243356400000
007160,사조산업,243000000000
008490,서흥,242372917350
003650,미창석유,240770604800
900140,엘브이엠씨홀딩스,239231654816
0030R0,대신밸류리츠,237027700000
244920,에이플러스에셋,236476468780
000680,LS네트웍스,235621017840
000480,CR홀딩스,233983545100
348950,제이알글로벌리츠,233298432000
034120,SBS,231890475000
000650,천일고속,230247342000
000050,경방,228369199100
028100,동아지질,227487638980
001790,대한제당,226816236450
037270,YG PLUS,226004040500
404990,신한서부티엔디리츠,225403931550
025000,KPX케미칼,225065642600
475560,더본코리아,224643745500
004980,성신양회,224567228680
001250,GS글로벌,223253831620
001460,BYC,222987555000
003520,영진약품,222946239089
03473K,SK우,222774122500
000320,노루홀딩스,222759690760
044450,KSS해운,222317024400
088260,이리츠코크렙,221378857050
033920,무학,220305000000
134380,미원화학,219926800000
432320,KB스타리츠,218909741820
005010,휴스틸,217447850250
009680,모토닉,216896278120
136490,선진,216394396400
226320,잇츠한불,216003752750
030210,다올투자증권,215929870770
025560,미래산업,212542069000
003720,삼영,212500000000
006805,미래에셋증권우,211558522500
017860,DS단석,211156162710
000490,대동,210147845850
000540,흥국화재,208467383025
210980,SK디앤디,205908244920
051905,LG생활건강우,205852633800
011500,한농화성,205001620620
035150,백산,204694755020
001630,종근당홀딩스,203650849650
013580,계룡건설,202731588900
053210,스카이라이프,200784484875
003555,LG우,199341373800
053690,한미글로벌,197783777500
013890,지누스,196455284480
003350,한국화장품제조,196235600000
095570,AJ네트웍스,195944446470
317400,자이에스앤디,195851726000
100250,진양홀딩스,195534000000
039570,HDC랩스,195460735530
462520,조선내화,194187651840
003547,대신증권2우B,193615826750
000140,하이트진로홀딩스,193080284800
241590,화승엔터프라이즈,192976844060
128820,대성산업,192929313670
001130,대한제분,192829000000
044820,코스맥스비티아이,191118027900
117580,대성에너지,190300000000
001080,만호제강,189945500000
339770,교촌에프앤비,188618177000
007860,서연,188073550440
010580,에스엠벡셀,186680453280
234080,JW생명과학,186056009500
102460,이연제약,184567033230
102260,동성케미컬,183930615330
016580,환인제약,183210689500
002100,경농,181559947500
003460,유화증권,181164215925
035510,신세계 I&C,180353610000
003220,대원제약,180317767320
002150,도화엔지니어링,177704400000
377190,디앤디플랫폼리츠,177242000000
092200,디아이씨,176165217570
009470,삼화전기,175596921000
004560,현대비앤지스틸,174461843270
000300,DH오토넥스,174035631000
016450,한세예스24홀딩스,173400000000
004380,삼익THK,173052000000
033530,SJG세종,172211748590
003610,방림,171471554520
487570,HS효성,170274863900
000390,SP삼화,168389473110
002170,SYTS,168300000000
005960,동부건설,168199039790
015230,대창단조,167204699200
101530,해태제과식품,165965885400
213500,한솔제지,163033945600
097955,CJ제일제당 우,163008772400
007570,일양약품,162991570560
001780,알루코,162771451892
031440,신세계푸드,162644160000
000860,강남제비스코,162500000000
400760,NH올원리츠,162316007625
004310,현대약품,158880000000
293480,하나제약,157112842640
014710,사조씨푸드,154966887000
016880,웅진,154898681040
011785,금호석유화학우,152686043000
090350,노루페인트,151200000000
001045,CJ우,150530851800
000970,한국주철관,150255295000
000700,유수홀딩스,150000837120
071840,롯데하이마트,149908971200
004970,신라교역,149440000000
271980,제일약품,148372158480
00279K,아모레퍼시픽홀딩스3우C,146453930000
002780,진흥기업,145762688490
000520,삼일제약,144901297480
000020,동화약품,143847070500
460850,동국씨엠,142915575680
003830,대한화섬,141299200000
003480,한진중공업홀딩스,140857203240
004090,한국석유,140777790800
094280,효성ITX,139160728000
015890,태경산업,137228981250
006060,화승인더,137193600000
004960,한신공영,135955748500
025820,이구산업,135105680000
008350,남선알미늄,134758569960
012610,경인양행,134004695300
092220,KEC,133708251240
272550,삼양패키징,132149920620
081000,일진다이아,132087667500
214420,토니모리,131339202540
013520,화승코퍼레이션,130383511460
004080,신흥,129456000000
077500,유니퀘스트,128520606900
007540,샘표,128404470000
210540,디와이파워,128304646960
037560,LG헬로비전,128252008440
020120,키다리스튜디오,128055311530
024090,디씨엠,127224000000
001360,삼성제약,126930482492
011280,태림포장,126176185080
089470,HDC현대EP,126164500000
014280,금강공업,125236354390
012200,계양전기,125225013400
004150,한솔홀딩스,125131191000
008970,KBI동양철관,125039122935
214390,경보제약,124793809200
107590,미원홀딩스,124584000000
350520,이지스레지던스리츠,123686107710
025620,차AI헬스케어,122694778020
009070,KCTC,122550000000
079430,현대리바트,121892064120
002460,HS화성,121597000000
017550,수산세보틱스,120367921770
078000,텔코웨어,119936199460
009270,신원,119820290292
011690,와이투솔루션,118922236560
010960,삼호개발,118791000000
001520,동양,117834235200
013360,일성건설,117774238400
001260,남광토건,117499235400
018470,조일알미늄,115994656436
267290,경동도시가스,115903681960
004250,NPC,114933600000
084680,이월드,114863016330
034590,인천도시가스,114618554800
070960,모나용평,114557332540
015590,DKME,112239039416
010100,한국무브넥스,111600789300
005800,신영와코루,111510000000
014580,태경비케이,111297808500
012320,경동인베스트,111274332150
008040,사조동아원,110516221800
120030,조선선재,110421757800
227840,현대코퍼레이션홀딩스,110302132320
016710,대성홀딩스,110051899560
011810,STX,109493282310
002220,한일철강,108925636800
083420,그린케미칼,108840000000
267850,아시아나IDT,108447000000
014530,극동유화,108443896200
035000,HS애드,108267061920
002390,한독,108043734050
013570,디와이,108042093465
019180,티에이치엔,107820000000
264900,크라운제과,106703202000
123690,한국화장품,106691520000
027970,한국제지,106104101760
002620,제일파마홀딩스,105743610100
016740,두올,105520408320
012800,대창,105267276345
002450,삼익악기,104834799570
021820,세원정공,104200000000
009580,무림P&P,103656154488
248170,샘표식품,103243263600
119650,KC코트렐,100782913662
007210,벽산,100458320000
078935,GS우,98060147600
023450,동남합성,97825000000
014790,HL D&I,97675190580
067830,세이브존I&C,96856512200
008700,아남전자,96174650540
058850,KTcs,94402146000
002210,동성제약,94010780311
036580,팜스코,92554416360
001275,부국증권우,92550000000
032560,황금에스티,92310000000
37550L,DL이앤씨2우(전환),91975466050
007610,선도전기,91440000000
008260,NI스틸,90805371475
009190,대양금속,90611726500
014440,영보화학,90000000000
004140,동방,89899089484
023800,인지컨트롤스,89796238960
058860,KTis,89789160000
33626K,두산퓨얼셀1우,89005572000
023000,삼원강재,88818801660
004100,태양금속,87346000000
058730,다스코,84580457040
005740,크라운해태홀딩스,84481404430
004890,동일산업,84033699750
001290,상상인증권,83852930880
139990,아주스틸,83711694240
004840,DRB동일,83449336120
013700,까뮤이앤씨,83232906190
019680,대교,82415873050
002600,조흥,82200000000
011700,한신기계,82088762030
002700,신일전자,81955599570
006660,삼성공조,81506929420
007980,TP,81366902250
003580,HLB글로벌,81314925525
000590,CS홀딩스,81275532800
004440,삼일씨엔에스,81229821860
017370,우신시스템,80764978140
069730,DSR제강,80640000000
084670,동양고속,79772925950
001470,삼부토건,79699592928
000850,화천기공,79420000000
163560,동일고무벨트,78674000000
109070,주성코퍼레이션,78423191550
111380,동인기연,77825600000
009180,한솔로지스틱스,77710077000
006840,AK홀딩스,77365756240
013870,지엠비코리아,77338095400
363280,티와이홀딩스,76754000771
002200,한국수출포장,76714864890
007590,동방아그로,76530782740
014160,대영포장,76092973398
063160,종근당바이오,74993100540
006090,사조오양,74816547660
000230,일동홀딩스,74089368000
005750,대림바스,74084351600
001020,페이퍼코리아,74041056960
338100,NH프라임리츠,73240500000
011150,CJ씨푸드,73119123055
007110,일신석재,72499386960
096775,SK이노베이션우,72408708000
155660,DSR,72320000000
002720,국제약품,71943428800
004720,팜젠사이언스,71021434275
000180,성창기업지주,70588619200
000105,유한양행우,70147836000
095720,웅진씽크빅,70067795805
100220,비상교육,69012694710
002795,아모레퍼시픽홀딩스우,67959481800
072130,유엔젤,67793724360
001560,제일연마,67792000000
011230,삼화전자,67271905350
120115,코오롱인더우,67258998000
010040,한국내화,66980378122
016090,대현,66866288100
009770,삼정펄프,66374230050
018500,동원금속,65971210463
079980,휴비스,65791500000
006890,태경케미컬,65424000000
001210,금호전기,64974087150
055490,테이팩스,64380442500
005870,휴니드,64086708100
068290,삼성출판사,64000000000
003925,남양유업우,63800000000
003780,진양산업,62270000000
396690,미래에셋글로벌리츠,62260537680
031820,아이티센씨티에스,62220450440
004830,덕성,62171200000
071090,하이스틸,61987815970
010660,화천기계,61820000000
085310,엔케이,61792556420
111110,호전실업,60560880000
000220,유유제약,60155304840
009200,무림페이퍼,59501313300
010770,평화홀딩스,59379391960
101140,인바이오젠,59361316560
004770,써니전자,59155391708
024900,디와이덕양,58551834040
129260,인터지스,58424824536
007280,한국특강,58009243500
007460,에이프로젠,57925560515
003010,혜인,57906562585
014910,성문전자,57375299625
092440,기신정기,56502000000
002760,보락,56425800000
004450,삼화왕관,56337010850
001550,조비,56076181200
075180,새론오토모티브,55968000000
378850,화승알앤에이,55841251620
006880,신송홀딩스,55063333990
003475,유안타증권우,54768606750
007815,코리아써우,54402061500
012690,모나리자,54198599910
002630,오리엔트바이오,53836683816
214330,금호에이치티,53434909745
005305,롯데칠성우,53263797000
002410,범양건영,53173451700
35320K,대덕전자1우,52911854750
000725,현대건설우,52840119300
004540,깨끗한나라,52472136437
000890,보해양조,52126535175
003465,유화증권우,51904982250
006980,우성,51850200000
025530,SJM홀딩스,51671667680
123700,SJM,51574187890
001620,케이비아이동국실업,51528672890
004060,SG세계물산,51213514880
020760,일진디스플,50984432422
001465,BYC우,50938552500
021050,서원,49088726060
023810,인팩,49050000000
026940,부국철강,48900000000
004920,씨아이테크,48840360192
011000,진원생명과학,48531472338
372910,한컴라이프케어,48457884906
357250,미래에셋맵스리츠,48065586915
011390,부산산업,48048000000
023350,한국종합기술,47468250000
006125,SK디스커버리우,47420642500
37550K,DL이앤씨우,47245329750
004910,조광페인트,46976000000
041650,상신브레이크,46593046500
090080,평화산업,46502213373
069460,대호에이엘,46322277400
009835,한화솔루션우,46304775020
009320,아진전자부품,46243184260
006490,프리티,45844695960
000950,전방,45444000000
092780,DYP,45431187000
003080,SB성보,45145100000
002920,유성기업,45122702500
008420,문배철강,45107711000
005030,부산주공,45092532168
480370,씨케이솔루션,45019231488
074610,이엔플러스,44815400070
000910,유니온,44727288435
002140,고려산업,44242539950
28513K,SK케미칼우,44212466100
047400,유니온머티리얼,43932000000
017180,명문제약,43120886580
011420,갤럭시아에스엠,42977444640
012280,영화금속,42888221330
481850,신한글로벌액티브리츠,42651588384
006370,대구백화점,41933742625
019490,엑시큐어하이트론,41349858070
002880,디와이에이,40693375650
017040,광명전기,40390657180
133820,화인베스틸,40232120168
084870,TBH글로벌,39443517568
023960,에쓰씨엔지니어링,39367234125
134790,시디즈,38580000000
008870,금비,38450000000
004410,서울식품,37206077259
011300,우성머티리얼스,37079440965
145270,케이탑리츠,36333945144
009140,경인전자,35971251300
446070,유니드비티플러스,35918962775
007120,미래아이앤지,35838352528
049800,우진플라임,35680000000
000215,DL우,35577026500
051630,진양화학,35192000000
002870,신풍,34958700000
013000,세우글로벌,34417332169
004365,세방우,33904207500
006570,대림통상,33799500000
027740,마니커,33597439612
000760,이화산업,33292000000
093240,형지엘리트,33150739860
005820,원림,32769052200
023150,MH에탄올,32539299660
009460,한창제지,32459111840
143210,핸즈코퍼레이션,32108476620
006345,대원전선우,31533036000
008250,이건산업,31434062450
002690,동일제강,31384356560
025750,한솔홈데코,31323728376
010400,우진아이엔에스,31250200000
002420,세기상사,31043729600
088790,진도,30683688960
001070,대한방직,30634000000
003680,한성기업,30612908950
090370,메타랩스,30417423546
010640,진양폴리,30394000000
011330,유니켐,30393298710
118000,메타케어,29951756030
003060,에이프로젠바이오로직스,29905676050
001380,SG글로벌,29743779933
308170,씨티알모빌리티,29230950000
024070,WISCOM,28905662068
33637K,솔루스첨단소재1우,28761810966
003535,한화투자증권우,28608000000
009810,플레이그램,28008055000
004870,티웨이홀딩스,27951383018
005320,온타이드,27897281520
012160,영흥,27539299389
014990,인디에프,27386197977
004270,남성,27267756480
002820,SUN&L,27170216295
014130,한익스프레스,26940000000
030720,동원수산,26573226550
005110,한창,26467434378
002025,코오롱우,26167854350
002355,넥센타이어1우B,25967500000
036420,콘텐트리중앙,25426246560
019175,신풍제약우,25328445600
003495,대한항공우,24992865000
025890,한국주강,24908216760
005360,모나미,24812164091
024890,대원화성,24336998500
012170,아센디오,24138231248
33626L,두산퓨얼셀2우B,23651496000
009310,참엔지니어링,23329484620
001420,태원물산,23256000000
000040,KR모터스,23062174128
008775,호텔신라우,22932309500
071950,코아스,22301959050
033250,체시스,22016000000
006200,한국전자홀딩스,21576245235
006740,블루산업개발,21270883200
001685,대상우,19936744650
015020,이스타코,19883142400
002360,SH에너지화학,19448402750
069640,한세엠케이,19423618617
00499K,롯데지주우,19173351400
008600,윌비스,17615839860
009440,KC그린홀딩스,17568790596
108675,LX하우시스우,17064414900
357430,마스턴프리미어리츠,16777918850
18064K,한진칼우,15834597000
015260,에이엔피,15784159490
005725,넥센우,15662610000
002070,비비안,15435888480
465770,STX그린로지스,15417718800
005257,녹십자홀딩스2우,15303959100
019685,대교우B,14084567750
000087,하이트진로2우B,13957204300
00781K,코리아써키트2우B,13675547550
001795,대한제당우,13581382200
00806K,대덕1우,13287432720
145995,삼양사우,12508366000
45226K,한화갤러리아우,12460176300
011090,에넥스,12283907944
002995,금호건설우,12187492200
044380,주연테크,12109640724
084695,대상홀딩스우,10897840260
38380K,LX홀딩스1우,10857761850
001755,한양증권우,10841250000
004255,NPC우,10639200000
003075,코오롱글로벌우,10185133750
004105,태양금속우,10131000000
145210,다이나믹디자인,9461013632
001067,JW중외제약2우B,9060334950
001770,SHD,8783567940
012205,계양전기우,8452441170
33637L,솔루스첨단소재2우B,8444491560
001515,SK증권우,8421686385
000225,유유제약1우,8330967750
004835,덕성우,7642080000
004985,성신양회우,7591856400
001065,JW중외제약우,6890312650
000325,노루홀딩스우,6332534000
26490K,크라운제과우,5747550800
090355,노루페인트우,4677572600
009415,태영건설우,4640814360
000145,하이트진로홀딩스우,4515067900
000545,흥국화재우,4139520000
005965,동부건설우,3975140520
014825,동원시스템즈우,3631526250
005745,크라운해태홀딩스우,3297985740
014285,금강공업우,3267907500
007575,일양약품우,3204576000
36328K,티와이홀딩스우,2984370460
000227,유유제약2우B,2845277600
014915,성문전자우,2805000000
004545,깨끗한나라우,2530165600
001525,동양우,2208592150
008355,남선알미우,2149072200
001527,동양2우B,1972710950
002785,진흥기업우B,1651859086
011155,CJ씨푸드1우,1602000000
004415,서울식품우,1590517500
002787,진흥기업2우B,1208712800
196170,알테오젠,18380115649000
247540,에코프로비엠,11827699470600
086520,에코프로,11581705765600
277810,레인보우로보틱스,9137333118000
036930,주성엔지니어링,8533933815600
950160,코오롱티슈진,7808757704000
028300,HLB,6766469728400
240810,원익IPS,5850800999200
058470,리노공업,5555843865000
298380,에이비엘바이오,5385993940600
141080,리가켐바이오,5208632112600
319660,피에스케이,4785301152800
039030,이오테크닉스,4761506075000
000250,삼천당제약,4750138080000
087010,펩트론,4420969560000
222800,심텍,4094807658300
347850,디앤디파마텍,3966156537100
214370,케어젠,3690220500000
440110,파두,3642373742900
214450,파마리서치,3620792328000
403870,HPSP,3571820000000
084370,유진테크,3503862821800
310210,보로노이,3304718250600
095340,ISC,3236790756600
108490,로보티즈,3196104104000
145020,휴젤,3155984464500
214150,클래시스,3141096980850
178320,서진시스템,3004314786400
080220,제주반도체,2927640805000
226950,올릭스,2920340807100
095610,테스,2807200000000
031980,피에스케이홀딩스,2788017673500
237690,에스티팜,2776074154000
131290,티에스이,2676865818000
064760,티씨케이,2615983344000
257720,실리콘투,2600098391800
319400,현대무벡스,2528236085300
067310,하나마이크론,2522932166700
357780,솔브레인,2465805422000
005290,동진쎄미켐,2405789947200
263750,펄어비스,2359788820500
089970,브이엠,2199753156000
290650,엘앤씨바이오,2173758142400
131970,두산테스나,2062216294600
035900,JYP Ent.,1979159804400
098460,고영,1916538385300
032820,우리기술,1913397823900
041510,에스엠,1904838208000
068760,셀트리온제약,1887099110000
140860,파크시스템스,1876661692000
140410,메지온,1796177069700
420770,기가비스,1755592483000
010170,대한광통신,1724335969400
0009K0,에임드바이오,1691150860150
058610,에스피지,1634471432000
089030,테크윙,1611833557500
082920,비츠로셀,1609551433500
083650,비에이치아이,1559596500000
096530,씨젠,1548500722100
218410,RFHIC,1542754980200
183300,코미코,1516243878000
007390,네이처셀,1469119276800
043260,성호전자,1445436169200
030530,원익홀딩스,1431992167740
060370,LS마린솔루션,1376493802900
458870,씨어스,1345411809000
078600,대주전자재료,1328570074800
039200,오스코텍,1296952166400
127120,제이에스링크,1295853548600
323280,태성,1238315089000
195940,HK이노엔,1184189443800
003380,하림지주,1154777952510
475830,오름테라퓨틱,1133762598000
437730,삼현,1106594088300
031330,에스에이엠티,1090946180970
347700,스피어,1074845897700
166090,하나머티리얼즈,1052172256800
101490,에스앤에스텍,1029407911750
085660,차바이오텍,975285154540
491000,리브스메드,960168614400
241710,코스메카코리아,951588000000
204270,제이앤티씨,946979388420
232140,와이씨,945982885500
038500,삼표시멘트,912971948760
417200,LS머트리얼즈,912634369910
099320,쎄트렉아이,910051201800
100790,미래에셋벤처투자,906768266460
086450,동국제약,893753099200
281740,레이크머티리얼즈,877502815800
036540,SFA반도체,876573414990
328130,루닛,868182378800
090710,휴림로봇,857238237930
388720,유일로보틱스,855325647000
083450,GST,852387500000
122870,와이지엔터테인먼트,842031757450
019210,와이지-원,833139507200
293490,카카오게임즈,831150803750
074600,원익QnC,829386400000
065350,신성델타테크,823144242600
137400,피엔티,805484752000
056190,SFA,797174472000
041830,인바디,777846891400
161580,필옵틱스,777110488050
115180,큐리언트,774602170650
388210,씨엠티엑스,772355040000
033100,제룡전기,767783150200
189300,인텔리안테크,765583536100
445680,큐리옥스바이오시스템즈,744900941500
036830,솔브레인홀딩스,738143316000
035760,CJ ENM,735723116700
213420,덕산네오룩스,735002898400
048410,현대바이오,727652012880
397030,에이프릴바이오,721145840800
090360,로보스타,719550000000
032190,다우데이타,718891000000
006730,서부T&D,717973229910
094170,동운아나텍,713028817600
014620,성광벤드,705098014200
253450,스튜디오드래곤,703368853200
356860,티엘비,700083256000
032500,케이엠더블유,699960319590
252990,샘씨엔에스,689494829050
490470,세미파이브,682210072000
466100,클로봇,679761681300
052400,코나아이,671367715100
112040,위메이드,640268389380
064290,인텍플러스,629713564200
122640,예스티,628148758800
222080,SFA넥셀,623018953440
050890,쏠리드,622754473500
295310,에이치브이엠,617989605300
093320,케이아이엔엑스,615856000000
053800,안랩,615295781800
023160,태광,607880187000
456160,지투지바이오,606974049000
376900,로킷헬스케어,595267087500
053610,프로텍,594900000000
121600,나노신소재,587358948900
225570,넥슨게임즈,586814150340
126340,비나텍,581613534000
383310,에코프로에이치엔,581005616400
041960,코미팜,579270120800
046890,서울반도체,575474298000
358570,지아이이노베이션,574837613460
102940,코오롱생명과학,574677471700
067160,SOOP,574163611650
160190,하이젠알앤엠,570501360000
037460,삼지전자,569516417800
102710,이엔에프테크놀로지,569370264600
376300,디어유,562600222200
251970,펌텍코리아,561100000000
086900,메디톡스,558335020500
044490,태웅,555204822750
045100,한양이엔지,550375000000
399720,가온칩스,548730419400
476060,온코닉테라퓨틱스,547618550400
052020,에스티큐브,545905826730
171090,선익시스템,543521278800
336570,원텍,535692263080
059090,미코,533665944660
060250,NHN KCP,526104004100
348370,엔켐,522577183050
033500,동성화인텍,520617615840
211050,인카금융서비스,517268398500
476830,알지노믹스,516220022400
056080,유진로봇,513120222120
027360,아주IB투자,513050794410
174900,앱클론,512769715300
389470,인벤티지랩,512346758000
082270,젬백스,504668914200
035890,서희건설,504429563115
033790,피노,501597759740
036810,에프에스티,500110125900
124500,아이티센글로벌,496576877800
170920,엘티씨,496513922000
033640,네패스,492313962700
009520,포스코엠텍,490551041340
365340,성일하이텍,489064202750
015750,성우하이텍,484000000000
372320,큐로셀,478855121100
425420,티에프이,478453263750
034950,한국기업평가,469943199000
104830,원익머트리얼즈,465865600000
101160,월덱스,460656704700
099190,아이센스,459829370910
340570,티앤엘,455980800000
214430,아이쓰리시스템,455239494500
475960,토모큐브,455031316000
119850,지엔씨에너지,453989888400
272290,이녹스첨단소재,452581454300
089890,코세스,447793974000
477850,마키나락스,447419347200
348210,넥스틴,445796562750
253590,네오셈,444394631320
030520,한글과컴퓨터,443940099840
278280,천보,441721551250
018290,브이티,433628209580
368770,파이버프로,432033058750
215200,메가스터디교육,429638203200
079940,가비아,429461888000
439960,코스모로보틱스,428672769460
078130,국일제지,428414230600
486990,노타,427991911500
200710,에이디테크놀로지,427418722250
460930,현대힘스,426128052000
348340,뉴로메카,425013421750
290550,디케이티,421025891500
042000,카페24,419007668770
039440,에스티아이,414038154900
327260,RF머트리얼즈,413288317750
330860,네패스아크,409383912000
025320,시노펙스,408740479055
095660,네오위즈,407847252150
077360,덕산하이메탈,404389317800
047920,HLB제약,402776091680
036620,감성코퍼레이션,401687359680
041190,우리기술투자,399420000000
025980,아난티,396501534250
024850,HLB이노베이션,388980914000
089010,켐트로닉스,386549122350
219130,타이거일렉,386434548000
067630,HLB생명과학,383429147410
144960,뉴파워프라즈마,380125828800
168360,펨트론,374818059140
078020,LS증권,374498032500
287840,인투셀,374046804000
042520,한스바이오메드,367943268600
013030,하이록코리아,367166092800
204620,글로벌텍스프리,366176149300
078160,메디포스트,364602807900
160980,싸이맥스,363777291900
101730,위메이드맥스,362449211950
003800,에이스침대,362088500000
069080,웹젠,361689596000
241770,메카로,360309824000
356680,엑스게이트,359077129360
060280,큐렉소,358960173000
033160,엠케이전자,358320041460
006910,보성파워텍,352752136320
389650,넥스트바이오메디컬,349301469200
114810,한솔아이원스,344753881500
084110,휴온스글로벌,337383989800
243070,휴온스,336029603250
110990,디아이티,334530000000
236200,슈프리마,328490048100
101930,인화정공,327173844360
036890,진성티이씨,324320210560
493280,아이엠바이오로직스,323436768200
064260,다날,321871419535
078350,한양디지텍,321656460200
078340,컴투스,319815228850
215600,신라젠,318673197200
206650,유바이오로직스,317539932480
092730,네오팜,317033622420
199800,툴젠,316716540800
482630,삼양엔씨켐,314972349200
448900,한국피아이엠,314656872600
265520,AP시스템,313809617850
376270,HEM파마,313698793850
393890,더블유씨피,313049082000
125490,한라캐스트,310635015520
023410,유진기업,310403114945
091700,파트론,304500000000
200670,휴메딕스,303208110000
025900,동화기업,302838137150
107640,한중엔시에스,300956207200
424870,이뮨온시아,300742126355
080580,오킨스전자,295906098650
079370,제우스,295902084600
0011T0,채비,295312927390
136480,하림,293669826030
025770,한국정보통신,293563084640
394280,오픈엣지테크놀로지,291919552400
117730,티로보틱스,286261565670
092190,서울바이오시스,285301342260
468530,프로티나,285260126800
121440,골프존홀딩스,285079023790
228760,지노믹트리,284637862900
051500,CJ프레시웨이,283137326100
036800,나이스정보통신,283010000000
035810,이지홀딩스,281613147525
049070,인탑스,281215487560
052710,아모텍,280999259580
064850,에프앤가이드,278412100800
314930,바이오다인,278294363050
455900,엔젤로보틱스,278261816100
352480,씨앤씨인터내셔널,277368485350
098070,한텍,275248239750
138080,오이솔루션,273548451800
484590,삼양컴텍,273225283500
043150,바텍,273169767840
151860,KG에코솔루션,272765201460
036200,유니셈,272298300240
187660,페니트리움바이오,270675314640
064820,케이프,270335483400
017890,한국알콜,269748056080
309710,아이티켐,268443021000
094360,칩스앤미디어,266727372260
182400,엔케이젠바이오텍코리아,265496721770
054950,제이브이엠,265373129400
035600,KG이니시스,265349199420
013120,동원개발,265159652000
441270,파인엠텍,264457055630
234340,헥토파이낸셜,263207159040
217730,강스템바이오텍,262881346455
267980,매일유업,260180510100
419530,SAMG엔터,257224892400
121800,비덴트,256309348520
389500,에스비비테크,256210498400
450950,아스테라시스,255115073760
099430,바이오플러스,254267978250
200130,콜마비앤에이치,254150421120
065680,우주일렉트로,254112952500
950170,JTC,254074568680
377460,큐에이드,253187202960
215000,골프존,252585453750
439090,마녀공장,252456204000
304360,에스바이오메딕스,251418098400
092460,한라IMS,251170102400
011560,세보엠이씨,251113312800
095500,미래나노텍,250870891910
475040,스트라드비젼,250032872910
452280,한선엔지니어링,249449803200
061970,LB세미콘,249176095740
378340,필에너지,248255326540
200470,에이팩트,247818244050
332570,PS일렉트로닉스,247104168270
365270,큐라클,247050460800
254490,미래반도체,246601040000
417840,저스템,246531927180
194700,노바렉스,246440448000
206640,바디텍메드,246025952830
089980,상아프론테크,242393800920
389260,대명에너지,242228714000
114190,강원에너지,241899331880
060720,KH바텍,241036359560
053030,바이넥스,240555623680
043370,피에이치에이,240030000000
051360,토비스,240028093870
019010,베뉴지,239795000000
456010,아이씨티케이,239723845500
018000,유니슨,239516916132
042370,비츠로테크,238682227750
039830,오로라,237321724500
086390,유니테스트,236913552460
452430,사피엔반도체,235692269550
241520,DSC인베스트먼트,234346000000
180400,DXVX,234262048160
472850,폰드그룹,232877332340
488900,비츠로넥스텍,231521779570
230240,에치에프알,229979520000
159010,아스플로,229757552970
065710,서호전기,229432500000
298830,슈어소프트테크,225862158275
0001A0,덕양에너젠,224636244840
018310,삼목에스폼,224469000000
144510,지씨셀,224206881360
023760,한국캐피탈,223451579808
036030,케이티알파,223037091550
092870,엑시콘,222777104790
203650,드림시큐리티,222732819960
290690,소룩스,222233352250
317330,덕산테코피아,221761404720
065660,안트로젠,221635115000
900290,GRT,220042000000
0008Z0,에스엔시스,218928284800
123330,제닉,218740266000
067390,아스트,218159625922
461300,아이스크림미디어,217846304550
085910,네오티스,216992487140
425040,티이엠씨,216817461220
272110,케이엔제이,216284395250
005710,대원산업,214803072000
445090,에이직랜드,214142896800
481070,에이유브랜즈,212660910000
100120,뷰웍스,211725299600
046970,우리로,211674745170
308430,셀비온,211517063890
220100,퓨쳐켐,210817748000
014940,오리엔탈정공,210322445515
353810,이지바이오,209739372800
069540,빛과전자,209381544626
052330,코텍,209231518420
112290,와이씨켐,208681648800
494120,큐리오시스,207914284500
058970,엠로,207447683320
061090,세나테크놀로지,207220145000
194480,데브시스터즈,206923299000
380540,옵티코어,206658126350
448280,에코아이,205936346550
318060,그래피,204692602640
084850,아이티엠반도체,203919576660
034810,해성산업,203376178880
094480,갤럭시아머니트리,203210560840
475400,씨메스로보틱스,202842438920
462350,이노스페이스,202492704820
093520,매커스,202212210630
357550,석경에이티,201835000000
115450,HLB테라퓨틱스,201519747975
091580,상신이디피,201122824710
216080,제테마,200604592620
237880,클리오,200049877710
108860,셀바스AI,199976889700
068930,디지털대성,198985708980
041920,메디아나,197699110490
036190,금화피에스시,196800000000
024840,KBI메탈,195372391395
138610,나이벡,193479836860
294570,쿠콘,193155750480
045390,대아티아이,193097052980
394800,쓰리빌리언,192208220120
126600,BGF에코머티리얼즈,192066710940
078150,HB테크놀러지,191458366540
099440,스맥,191422720170
0082N0,카나프테라퓨틱스,191282453600
098120,마이크로컨텍솔,190362341400
073490,LIG아큐버,189715957700
016790,현대사료,187340898626
243840,신흥에스이씨,187200230925
084990,헬릭스미스,185293043940
192440,슈피겐코리아,185247617400
0015G0,그린광학,185134198620
416180,신성에스티,184411471200
036560,KZ정밀,184117500000
054210,이랜텍,182855448300
322310,오로스테크놀로지,182366572740
036170,에이치엠넥스,182255909220
338840,와이바이오로직스,182248836660
094820,일진파워,182000017630
036710,심텍홀딩스,181991612530
394420,리센스메디컬,181629320180
187870,디바이스,181627091400
190510,나무가,180714617110
214180,헥토이노베이션,180607801300
354320,알멕,180556513250
049430,코메론,180417120000
012860,모베이스전자,179788136935
046120,오르비텍,179772349230
066620,국보디자인,179625000000
042420,네오위즈홀딩스,179130226000
176750,듀켐바이오,178909161600
950140,잉글우드랩,178810794000
484120,도우인시스,178715552820
256840,한국비엔씨,178510652460
251370,와이엠티,177970544440
092130,이크레더블,176920484000
123860,아나패스,176880624850
459510,나우로보틱스,176765562840
314130,지놈앤컴퍼니,176646578230
119610,인터로조,176570666090
053300,한국정보인증,176368312120
446540,메가터치,175347039330
125020,티씨머티리얼즈,174842364500
199820,제일일렉트릭,173982600000
032580,피델릭스,172286732800
082800,비보존 제약,171836654780
143240,사람인,171723696000
067080,대화제약,171645513000
039840,디오,171454281840
382900,범한퓨얼셀,170489060000
038390,레드캡투어,169716343300
204610,티쓰리,168506902700
064550,바이오니아,167766891500
071200,인피니트헬스케어,167603666460
122990,와이솔,167293428680
245620,EDGC,167118555474
464080,에스오에스랩,166907518500
012210,삼미금속,166432400380
108380,대양전기공업,166184574210
307180,아이엘,165382228480
255220,SG,165331022718
143160,아이디스,164710914300
051370,인터플렉스,164458677600
355150,코스텍시스,164134217500
377450,리파인,163941800000
101970,우양에이치씨,163577499540
083310,엘오티베큠,162605601290
049630,재영솔루텍,162020018160
079960,동양이엔피,161523000000
072870,메가스터디,160575317730
083930,아바코,160275559080
040350,크레오에스지,159873157080
403850,더핑크퐁컴퍼니,159870251400
066410,버킷스튜디오,159637252154
046070,코다코,159196994920
080160,모두투어,159138000000
092070,디엔에프,158997328920
389020,자람테크놀로지,158816886000
242040,나무기술,158323657800
086820,바이오솔루션,158136918500
037070,파세코,158000000000
024800,유성티엔에스,157840719120
153890,져스텍,157617989400
054450,텔레칩스,157348580870
123410,코리아에프티,157302011600
023910,대한약품,156900000000
011040,경동제약,155689955960
060150,인선이엔티,154916280800
007330,푸른저축은행,154900356000
474650,링크솔루션,154729660800
457550,우진엔텍,154694702800
048550,SM C&C,154549962760
304100,솔트룩스,154400662300
046440,KG파이낸셜,154323856120
093190,빅솔론,153911240000
032620,GC메디아이,152937617270
138360,앤로보틱스,152905559892
086670,비엠티,152163817050
260970,에스앤디,151869585000
274090,켄코아에어로스페이스,151378534930
371950,풍원정밀,150932569680
0088M0,메쥬,150795505000
222040,코스맥스엔비티,150790680000
041020,폴라리스오피스,150790311755
212560,네오오토,150507643680
126700,하이비젼시스템,150467067840
048870,시너지이노베이션,149693730137
402030,코난테크놀로지,149083282080
484810,티엑스알로보틱스,148483293150
451760,컨텍,147909655040
382800,지앤비에스 에코,147855185445
104480,티케이케미칼,146614335042
054800,아이디스홀딩스,146420747400
234690,녹십자웰빙,146400813500
462860,더즌,145665741690
388050,지투파워,145559419860
039860,나노엔텍,145515462460
334970,프레스티지바이오로직스,145397431190
049960,쎌바이오텍,145042000000
418550,제이오,144879970325
478340,나라스페이스테크놀로지,144858065160
179290,엠아이텍,144189095490
114840,아이패밀리에스씨,143293097150
270660,에브리봇,142895964580
264450,유비쿼스,142841901820
086890,이수앱지스,142304547580
147830,제룡산업,141400000000
067280,멀티캠퍼스,141057340200
101360,에코앤드림,141043884020
119830,아이텍,140388855440
058820,CMG제약,140273007532
226590,엠디바이스,139961199040
025950,동신건설,139356000000
402490,그린리소스,139038131570
023600,삼보판지,138952044000
361390,제노코,138646065440
078070,유비쿼스홀딩스,138517805160
088800,에이스테크,138403293522
118990,모트렉스,138390772440
405100,큐알티,138131743240
102120,어보브반도체,137978643280
037350,성도이엔지,137346300000
024060,흥구석유,137100000000
146320,비씨엔씨,136937776100
049720,고려신용정보,136708000000
069510,에스텍,136593200000
068790,DMS,136098450720
001540,안국약품,135380319600
126730,코칩,135235342920
005990,매일홀딩스,134977785600
106190,하이텍팜,134934965370
0007C0,아크릴,134668533480
372170,윤성에프앤씨,134127796880
038290,마크로젠,133999704000
095190,신화프리텍,133783947100
293580,나우IB,133376579750
445180,퓨릿,133044315120
065170,비엘팜텍,132171809855
269620,시스웍,132090012299
211270,AP위성,131216044800
357880,SKAI,130761918560
126640,화신정공,130583264750
109740,디에스케이,130094573400
489500,엘케이켐,130061693300
005160,동국산업,129915534390
086980,쇼박스,129660660000
474170,루미르,128465588160
136540,윈스테크넷,127954953320
041440,현대에버다임,127568240800
388790,라이콤,127507976400
149950,아바텍,127382991960
003100,선광,127314000000
042600,새로닉스,126844690540
311320,지오엘리먼트,126524036800
310200,애니플러스,126494877300
307750,국전,126327913920
321550,티움바이오,126011402625
432720,퀄리타스반도체,125985639360
122450,KX,125943733540
140670,알에스오토메이션,125830432000
036690,코맥스,125692107675
473980,노머스,125412711480
109610,에스와이,125202944000
458650,성우,124879061000
240550,동방메디컬,124766282400
469610,이노테크,124395739000
408920,메쎄이상,124293308125
285490,노바텍,124266014250
264660,씨앤지하이테크,124236578160
293780,압타바이오,124172850100
091590,남화토건,124091800000
339950,아이비김영,124052767800
259630,엠플러스,123812871480
264850,이랜시스,123602016960
232680,라온로보틱스,123162175000
199430,케이엔알시스템,123030234720
452450,피아이이,122496900000
0017J0,세미티에스,122204006265
090850,현대이지웰,122055013290
418420,라온텍,122021122470
297890,HB솔루션,121925903638
021320,KCC건설,121766000000
950190,고스트스튜디오,121709501650
067990,도이치모터스,121249340250
053080,케이엔솔,120508210890
365660,레몬헬스케어,119896999820
267320,나인테크,119710890075
256940,킵스파마,119464974650
282880,코윈테크,119162695580
163730,핑거,118955598300
0039P0,매드업,118104840000
089600,KT나스미디어,117879580970
038540,상상인,117849306690
073010,케이에스피,117760362500
380550,뉴로핏,117719056900
300080,플리토,117683865630
094840,슈프리마에이치큐,117575246910
220260,켐트로스,117544081575
067900,와이엔텍,117387800550
047310,파워로직스,116971362225
027710,팜스토리,116541763600
041590,플래스크,116064014460
142210,유니트론텍,116000342770
366030,나인앤컴퍼니,115987712000
013990,아가방컴퍼니,115435251360
263860,지니언스,115129328000
083500,에프엔에스테크,114877193910
017510,세명전기,114802380000
340450,지씨지놈,114706346050
308080,바이젠셀,114590863400
488280,에스투더블유,114516951600
093640,케이알엠,113639257360
289080,SV인베스트먼트,113360569205
108230,톱텍,112929037650
080420,모다이노칩,112885816752
047770,코데즈컴바인,112770953960
115310,인포바인,112229837450
051160,지어소프트,111880128900
095700,제넥신,111574210300
297090,씨에스베어링,111534300000
105330,케이엔더블유,111015273600
338220,뷰노,110614401700
054050,NH농우바이오,110610870900
166480,코아스템켐온,110499085840
049520,유아이엘,110262384375
246710,티앤알바이오팹,110105004240
148150,세경하이테크,110005021710
453450,그리드위즈,109848232500
009780,엠에스씨,109648000000
156100,엘앤케이바이오,109632405465
217270,넵튠,109361404620
018120,진로발효,109182268800
111710,남화산업,108704640000
209640,와이제이링크,108510601990
006620,동구바이오제약,108451619520
322510,제이엘케이,108306005320
056090,시지메드텍,108215469728
032940,원익,108067786200
035080,그래디언트,108025633800
063570,NICE인프라,107565343200
205100,엑셈,107443362960
198440,강동씨앤엘,107362000752
039560,다산네트웍스,107221170000
052260,현대바이오랜드,107100000000
037030,파워넷,106644306560
073560,우리손에프앤지,106418257291
039340,한국경제TV,106370000000
299030,하나기술,106172404800
115500,케이씨에스,105840000000
125210,아모그린텍,105579456000
131030,옵투스제약,105526608200
290720,푸드나무,105138161715
035610,솔본,105008628480
417500,제이아이테크,104911180800
336680,탑런토탈솔루션,104910095440
235980,메드팩토,104881870260
141000,비아트론,104671094400
289930,웨이비스,104666119600
053700,삼보모터스,104592188655
323990,박셀바이오,104192905600
187790,나노,104087801250
331920,셀레믹스,103945925970
059210,메타바이오메드,103794919900
306620,지아이에스,103555117440
475580,에이럭스,103276742000
071280,로체시스템즈,103099104220
021080,에이티넘인베스트,102720000000
013310,아진산업,102643409390
123040,엠에스오토텍,102585153762
225530,HC보광산업,102475210140
101170,우림피티에스,102465000000
417010,나노팀,102275730960
149980,하이로닉,102156829660
066980,한성크린텍,101922647960
489460,바이오비쥬,101850791100
419050,삼기에너지솔루션즈,101351737280
228850,레이언스,101039275260
051980,중앙첨단소재,100871271772
158430,아톤,100743808580
309960,LB인베스트먼트,100414558675
333430,일승,100322828955
365330,에스와이스틸텍,99840290000
041520,이엘씨,99825698700
246720,아스타,99434491000
100700,세운메디칼,99207000000
120240,대정화금,99083587980
214680,디알텍,99003788416
474610,RF시스템즈,98744257000
104460,디와이피엔에프,98659787380
182360,큐브엔터,98275045680
040300,YTN,97737809000
066790,씨씨에스,97271994227
265740,엔에프씨,97177984000
362320,청담글로벌,96661395300
068240,다원시스,96553495610
205500,넥써쓰,96104036401
263720,디앤씨미디어,96073454340
250060,모비스,95870515720
0011A0,액스비스,95857509800
255440,야스,95845720000
352090,스톰테크,95802237870
226400,오스테오닉,95766520635
079650,서산,95500000000
005860,한일사료,94371825575
298540,더네이쳐홀딩스,94016645140
487580,폴레드,93932071530
059120,아진엑스텍,93747537920
307930,컴퍼니케이,93503900000
337930,젝시믹스,93480896250
008830,대동기어,93470208000
317770,엑스페릭스,93442567200
074430,아미노로직스,93359935172
189330,씨이랩,93072257280
096250,와이즈넛,93056923900
049950,미래컴퍼니,93028676200
950250,테라뷰,92878866565
086710,선진뷰티사이언스,92866960800
058630,엠게임,92652419550
047560,이스트소프트,92496755340
036010,아비코전자,92385891300
052900,KX하이텍,92293296843
042500,링네트,92285336160
040420,정상제이엘에스,92184005760
044990,에이치엔에스하이텍,91994537250
096240,크레버스,91811439000
221800,지구홀딩스,91385565600
054540,삼영엠텍,91130000000
093920,서원인텍,91047000000
053260,금강철강,90698400000
212710,아이에스티이,90640744740
357230,에이치피오,90639179820
452190,한빛레이저,90300102675
396470,워트,90272000000
217820,원익피앤이,90258571218
100130,동국S&C,90114511000
065450,빅텍,89962199150
072020,중앙백신,89857526500
002230,피에스텍,89598482800
475430,키스트론,89597512200
322180,LS티라유텍,89423800960
023900,풍국주정,89334000000
066430,아이로보틱스,89074157900
088130,동아엘텍,88300835700
099750,이지케어텍,88238257580
054920,한컴위드,87896207315
033290,로젠,87603829560
032300,한국파마,87471742020
389030,지니너스,87450841620
086960,MDS테크,87396416850
282720,금양그린파워,87260400000
063170,서울옥션,87005036965
330730,스톤브릿지벤처스,86990138250
302550,리메드,86849091500
294630,서남,86745189510
004650,창해에탄올,86670045550
172670,에이엘티,86645704530
418470,KT밀리의서재,86600126790
321370,센서뷰,86538717550
066590,스모트로닉,86445189195
130580,나이스디앤비,86240000000
092040,아미코젠,86199572140
011370,서한,86164214710
396300,세아메카닉스,86090875000
040160,누리플렉스,85955964550
290740,액트로,85955193940
102370,케이옥션,85772011500
029480,광무,85696954420
078890,가온그룹,85583860235
950130,엑세스바이오,85120678280
047820,초록뱀미디어,84610597800
078140,대봉엘에스,84258000400
049180,셀루메드,83975227728
183490,엔지켐생명과학,83793832650
091440,한울소재과학,83790069980
036220,오상헬스케어,83566989440
030960,양지사,83415600000
043610,KT지니뮤직,82930730026
037760,쎄니트,82890656450
009300,삼아제약,82810000000
004590,한국가구,82800000000
053580,웹케시,82649301680
067290,JW신약,82542652719
173130,오파스넷,82453709360
223250,드림씨아이에스,82411487400
038110,에코플라스틱,82338740000
493330,지에프아이,82236491370
330350,위더스제약,82234006400
052420,오성첨단소재,82222555960
085670,뉴프렉스,82200053155
036630,세종텔레콤,82000000000
214260,라파스,81908210340
063080,컴투스홀딩스,81846332720
042510,라온시큐어,81627835800
053280,예스24,81625000000
175250,아이큐어,81501658560
451220,아이엠티,81423477740
413630,씨피시스템,81253629150
000440,중앙에너비스,81201775200
192410,오늘이엔엠,81098626980
412540,제일엠앤에스,81063616775
303810,동국생명과학,80759953500
234030,싸이닉솔루션,80729100000
348350,위드텍,80726874000
054670,대한뉴팜,80674650400
215100,로보로보,80579877840
122350,삼기,80512798800
475230,엔알비,80432280540
019550,SBI인베스트먼트,80385020704
0015N0,아로마티카,80114993140
115440,우리넷,79877760800
456070,이엔셀,79633112740
065510,휴비츠,79626191400
026150,특수건설,79572611085
382840,원준,79412221200
019540,일지테크,79324245000
179900,유티아이,79260600060
054040,한국컴퓨터,79151103250
107600,새빗켐,79142584620
451250,삐아,78739252900
017650,대림제지,78274350000
0004V0,엔비알모션,78173726400
067170,오텍,77804313750
101330,모베이스,77774017440
046940,우원개발,77629333250
045970,코아시아,77628884200
360070,탑머티리얼,77414806350
234300,에스트래픽,77270095200
067570,엔브이에이치코리아,77213270000
012700,리드코프,77143839140
251120,바이오에프디엔씨,77130859000
024880,케이피에프,77122534050
320000,한울반도체,77024755500
054620,APS,76979814885
067370,선바이오,76947198300
136150,원일티엔아이,76770234800
238090,앤디포스,76683456600
381620,제닉스로보틱스,76608652800
131370,알서포트,76544798271
396270,넥스트칩,76463277075
052860,아이앤씨,76453015120
265560,영화테크,76220983400
900260,로스웰,76133133724
036640,HRS,76131594000
0117P0,피스피스스튜디오,76087052070
357580,아모센스,76043964900
024830,세원물산,75734500000
067000,조이시티,75635528572
061040,알에프텍,75462179820
307870,비투엔,75339474990
0015S0,페스카로,75184482600
048530,인트론바이오,75066971940
066700,테라젠이텍스,75047799520
263800,데이타솔루션,74880128700
129920,대성하이텍,74825245080
208140,정다운,74683502110
060590,씨티씨바이오,74598446700
228340,동양파일,74500000000
171120,라이온켐텍,74137134400
331740,아우토크립트,74107531600
389140,포바이포,74059924650
228670,레이,73977299330
017480,삼현철강,73971443100
170030,현대공업,73938800000
094860,네오리진,73822919460
110790,크리스에프앤씨,73573214400
208370,셀바스헬스케어,73103201760
347890,엠엑스온,72856961180
020710,시공테크,72473411550
011320,유니크,72452606250
124560,태웅로직스,72369195759
033130,디지틀조선,72114963781
058400,KNN,72041767680
234920,자이글,71849132100
382480,지아이텍,71708709080
388870,파로스아이바이오,71591003960
162300,신스틸,71496662568
090470,제이스로보틱스,71304503520
417970,모델솔루션,71195271000
083790,CG인바이츠,71127118350
217330,싸이토젠,71123357025
088390,이녹스,71050839080
332370,아이디피,70616222320
066310,큐에스아이,70278887180
040910,아이씨디,70243572875
323350,다원넥스뷰,70094255000
443670,에스피소프트,69990794060
142280,녹십자엠에스,69972050520
203400,에이비온,69918611904
032850,비트컴퓨터,69900947065
032540,TJ미디어,69797359420
061250,화일약품,69781771360
041930,SY동아,69768000000
084730,팅크웨어,69767182720
053350,이니텍,69696670725
153710,옵티팜,69608950710
073640,테라사이언스,69571715580
478560,블랙야크아이앤씨,69225198640
128660,피제이메탈,69201399510
217190,제너셈,69188782860
126880,제이엔케이글로벌,69150610940
105740,디케이락,69145888400
413390,엠오티,69133674600
196490,디에이테크놀로지,69131518050
024740,한일단조,69083802900
041910,폴라리스AI파마,69073420000
417790,트루엔,68777328870
0007J0,인벤테라,68667683220
014970,삼륭물산,68639750000
080010,이상네트웍스,68255392740
290660,다이나믹솔루션,68026566144
046210,HLB파나진,68018772240
443250,레뷰코퍼레이션,67885650760
048430,유라테크,67852800000
091120,이엠텍,67589432520
006140,피제이전자,67487100000
060570,드림어스컴퍼니,67432431430
261780,아리바이오랩,67282490000
347000,센코,67038629958
288180,케이피항공산업,66982953720
044340,위닉스,66935976625
002800,신신제약,66901905000
348150,고바이오랩,66898072605
373200,엑스플러스,66865442790
045660,에이텍,66823400000
059270,해성에어로보틱스,66768488020
062970,한국첨단소재,66736589766
277880,티에스아이,66673192320
109860,동일금속,66612000000
039010,현대에이치티,66585000000
081150,티플랙스,66495421480
464490,쿼드메디슨,66481434270
039980,폴라리스AI,66081678330
131400,이브이첨단소재,65968213374
432470,케이엔에스,65962101120
201490,미투온,65938307890
038460,바이오스마트,65840181910
241690,유니테크노,65826199140
453860,에이에스텍,65475337680
377480,마음AI,65414530000
010240,흥국,65319480000
036000,예림당,65302175295
041460,한국전자인증,65170000000
412350,레이저쎌,65129571780
424960,스마트레이더시스템,65033758950
043650,국순당,64914935040
007680,대원,64593075130
079810,APS이노베이션,64584282000
457370,한켐,64577693340
187420,HLB제넥스,64574563680
037440,희림,64530671625
094850,참좋은여행,64260000000
123420,위메이드플레이,64174422970
253840,수젠텍,64126456000
033560,블루콤,64125000000
204840,지엘팜텍,64055478956
043710,코스리거글로벌,63969694890
137080,나래나노텍,63923459160
070300,엑스큐어,63553740181
408470,한패스,63432000000
012790,신일제약,63408135350
038680,에스넷,63322201560
411080,샌즈랩,63284359510
222110,팬젠,63247902120
439580,블루엠텍,62785344685
001840,이화공영,62588831935
100590,머큐리,62387943800
004780,대륙제관,62340540080
216050,인크로스,62334958420
294090,이오플로우,62295566450
016250,SGC E&C,62156407240
082210,옵트론텍,61920057430
185490,아이진,61818591120
460940,피앤에스로보틱스,61759735200
370090,퓨런티어,61694744300
117670,알파칩스,61621113500
060310,3S,61601545440
039020,이건홀딩스,61543332025
463020,뉴엔AI,61444064000
072950,빛샘전자,61360888200
302430,이노메트리,61359217920
005670,푸드웰,61200000000
014470,부방,61193252940
273640,와이엠텍,61190280000
140070,서플러스글로벌,60882248000
048910,대원미디어,60882098640
347860,알체라,60869866268
286750,나노실리칸첨단소재,60822799443
096350,대창솔루션,60810357300
214270,FSN,60731653070
476040,오가노이드사이언스,60588992000
039420,케이엘넷,60580064160
049550,잉크테크,60387333160
036090,위지트,60336628852
168330,내츄럴엔도텍,60207290400
246960,SCL사이언스,60176156143
089850,유비벨록스,60025560925
076610,해성옵틱스,60006250340
010280,아이티센엔텍,59913882200
088910,동우팜투테이블,59671374840
104620,노랑풍선,59593406840
448710,코츠테크놀로지,59512387920
036670,삼양케이씨아이,59505600000
049480,오픈베이스,59074080040
137950,제이씨케미칼,59009707100
008370,원풍,58860000000
215360,우리산업,58811129720
318160,셀바이오휴먼텍,58732956770
039610,화성밸브,58714656000
291650,압타머사이언스,58475593836
446840,지슨,58332984897
205470,휴마시스,58233002360
007820,엠엑스로보틱스,58198613130
045340,토탈소프트,58194672000
099520,DGI,58141862016
010470,오리콤,58138867750
175140,휴먼테크놀로지,58120109490
025550,한국선재,57916789080
003310,대주산업,57795707550
263690,디알젬,57760611000
311690,CJ 바이오사이언스,57684014730
082850,우리바이오,57663327820
459100,위츠,57365586000
225190,LK삼양,57361310160
950200,소마젠,57323437940
299170,더블유에스아이,57202554864
053620,태양,57104000000
191420,테고사이언스,57086191360
333620,엔시스,57079152900
089230,THE E&M,57055710690
054300,팬스타엔터프라이즈,56945009880
027050,코리아나,56800000000
136410,아셈스,56748395900
040610,SG&G,56499527370
155650,와이엠씨,56069227890
251630,브이원텍,55959529860
053050,지에스이,55836905614
340930,성원에너텍,55513882710
100030,인지소프트,55363418040
039240,경남스틸,55308188200
007370,진양제약,55195562235
054930,유신,54930000000
033310,엠투엔,54922154544
036120,서울평가정보,54791055000
042110,에스씨디,54757396012
217480,에스디생명공학,54756837359
067920,이글루,54650711430
033320,제이씨현시스템,54571703360
050960,수산아이앤티,54480570000
024910,경창산업,54444887600
099220,SDN,54358420950
060560,HC홈센타,54330322140
053160,프리엠스,54300000000
317850,대모,54275218400
064240,홈캐스트,54227114313
145170,노브랜드,54191438025
033340,좋은사람들,54098411364
123010,알엔티엑스,54075680190
104540,코렌텍,54031862300
260930,씨티케이,53963038890
384470,코어라인소프트,53929809460
303360,프로티아,53901607275
463480,모티브링크,53650250140
134580,탑코미디어,53582739963
092300,현우산업,53497907505
317830,에스피시스템스,53492006370
179530,애드바이오텍,53442442917
038010,제일테크노스,53370000000
347740,피엔케이피부임상연구센타,53328793552
192250,케이사인,53215451250
097800,윈팩,53051847480
033230,인성정보,53041149000
071670,에이테크솔루션,52900000000
065530,와이어블,52861828695
452400,이닉스,52795710960
0013V0,삼진식품,52767249920
027830,대성창투,52596000000
053450,세코닉스,52514450650
095270,웨이브일렉트로,52387419870
263600,덕우전자,52331068350
278650,HLB바이오스텝,52297188000
270520,앱튼,52292711240
163280,에어레인,51963757960
101670,하이드로리튬,51951126105
331380,포커스에이아이,51916429720
037950,엘컴텍,51850774210
063440,SM Life Design,51709394324
065130,탑엔지니어링,51692920000
064800,포니링크,51634147180
096610,알에프세미,51550708615
461030,아이엠비디엑스,51389243445
019990,에너토크,51219462000
081180,쎄크,51099847650
042940,상지건설,51078765760
471820,셀로맥스사이언스,50975984290
056360,코위버,50845392000
317530,에피소드컴퍼니,50822632210
321260,프로이천,50661174948
053270,구영테크,50654428440
048770,TPC로보틱스,50547531020
294140,레몬,50545414590
241790,티이엠씨씨엔에스,50513301700
057540,옴니시스템,50485127800
393970,대진첨단소재,50428566500
170790,파이오링크,50410999800
053980,오상자이엘,50209461035
435570,에르코스,50119748140
391710,코닉오토메이션,49951190840
122310,제노레이,49846915700
317690,퀀타매트릭스,49834196775
052790,액토즈소프트,49378952440
015710,코콤,49348357500
033540,파라텍,49111551140
352910,오비고,49097860770
420570,제이투케이바이오,49060382370
314140,알피바이오,48964939650
256630,포인트엔지니어링,48891530010
084650,랩지노믹스,48775673430
262260,에이프로,48248512000
109080,옵티시스,48244160000
088280,쏘닉스,48198574650
440290,HB인베스트먼트,48053733210
082660,코스나인,47827617120
418250,시큐레터,47629012750
198080,캐프,47592758850
199550,레이저옵텍,47506531200
238120,얼라인드,47234673360
479960,위너스일렉,47174120000
189980,흥국에프엔비,47161946725
023440,제이스코홀딩스,46964378481
072990,에이치시티,46901696410
419080,엔젯,46872843210
094940,푸른로보틱스,46572920020
072470,우리산업홀딩스,46557295565
382150,온코크로스,46466596170
073110,엘엠에스,46435841100
950220,네오이뮨텍,46425466880
178780,일월지엠엘,46225203600
094970,제이엠티,46225142400
376290,씨유테크,46086075000
460870,에스엠씨지,46068232680
014950,삼익제약,46034904800
066670,디티씨,45888658690
217500,러셀,45872904000
189690,포시에스,45709654137
051390,YW,45705356200
222420,쎄노텍,45513411620
196450,코아시아씨엠,45364901582
159580,제로투세븐,45273757360
052220,iMBC,45264000000
099410,동방선기,44940000000
315640,딥노이드,44851398264
014190,원익큐브,44810159886
068330,일신바이오,44569869120
089790,제이티,44563016160
143540,영우디에스피,44421495420
373160,데이원컴퍼니,44391012835
460470,아이빔테크놀로지,44299754100
276730,한울앤제주,44231966240
007530,와이엠,44219156997
288330,파라택시스코리아,44129674368
413640,비아이매트릭스,44106472800
002290,삼일기업공사,43958000000
037330,인지디스플레,43929109224
066130,하츠,43904000000
273060,와이즈버즈,43899836340
052460,아이크래프트,43896847680
056700,신화인터텍,43819176864
263020,디케이앤디,43445498440
104040,디에스엠,43384348170
190650,코리아에셋투자증권,43310640000
263700,케어랩스,43099524000
270870,뉴트리,43011047200
037230,한국팩키지,42912470880
025880,케이씨피드,42792596480
196300,HLB펩,42756561840
360350,코셈,42633117100
261520,이지스,42550092000
450330,하스,42489715170
177900,쓰리에이로직스,42361440000
033170,시그네틱스,42264061267
452200,민테크,42217408000
299660,셀리드,42189257110
060850,영림원소프트랩,42118580000
038070,서린바이오,42039055520
290670,대보마그네틱,41959904400
466410,사이냅소프트,41908031360
215380,우정바이오,41905644240
277070,린드먼아시아,41897520000
104200,NHN벅스,41813691000
049080,기가레인,41805044950
129890,앱코,41765317034
153460,네이블,41726789460
147760,피엠티,41710583430
900250,크리스탈신소재,41581216161
261200,덴티스,41579511000
206400,베노티앤알,41411214432
066900,디에이피,41372250957
100660,서암기계공업,41328000000
227950,엔투텍,41306326173
424980,마이크로투나노,41077096600
305090,마이크로디지탈,41058976455
024950,삼천리자전거,41044000000
219420,링크제니시스,40888792455
140520,대창스틸,40761948233
224110,에이텍모빌리티,40744695720
127710,아시아경제,40701470040
189860,서전기전,40395418700
246690,TS인베스트먼트,40327783104
237820,플레이디,40277219600
065440,이루온,40230654500
050860,아세아텍,40230000000
006920,모헨즈,40185600000
219550,디와이디,40181512984
307280,원바이오젠,40155588820
123570,이엠넷,40096940400
226330,신테카바이오,40002225275
258610,케일럼,39878173859
090410,덕신이피씨,39816658080
049830,승일,39736085760
221980,케이디켐,39702432000
064090,인크레더블버즈,39694710510
026910,광진실업,39579588620
297570,아틀라스링크,39433567302
369370,블리츠웨이엔터테인먼트,39398809690
043340,에쎈테크,39377500000
299900,위지윅스튜디오,39341243320
263920,휴엠앤씨,39285149130
171010,램테크놀러지,39107086720
239890,피엔에이치테크,39047517150
122690,서진오토모티브,38980711374
065500,오리엔트정공,38894207040
229000,젠큐릭스,38843897570
097870,효성오앤비,38756850000
207760,미스터블루,38715178878
419120,산돌,38544571190
321820,아티스트컴퍼니,38510698720
290120,DH오토리드,38376054225
032960,동일기연,38352685500
050120,ES큐브,38318542950
044960,이글벳,38304905490
250000,보라티알,38276656110
051490,나라엠앤디,38198000000
260660,알리코제약,38164282290
086060,진바이오텍,38144900410
355690,에이텀,38090169000
127980,화인써키트,38008595640
263810,상신전자,37980707625
150900,파수AI,37862187670
263770,유에스티,37801774340
408900,스튜디오미르,37796880066
016600,큐캐피탈,37626514695
256150,한독크린텍,37567625000
114450,그린생명과학,37560000000
203450,유니온바이오메트릭스,37520553655
014570,고려제약,37455000000
376930,노을,37186209175
458350,에스팀,37164096000
019770,서연탑메탈,37105250000
340360,다보링크,36964568120
218150,미래생명자원,36952601620
0010V0,제이피아이헬스케어,36912042000
045060,오공,36848793450
361570,알비더블유,36762669189
204020,그리티,36723170816
234100,폴라리스세원,36723114540
221840,하이즈항공,36690500682
081580,성우전자,36676758195
044480,빌리언스,36642509432
105760,포스뱅크,36636238765
317870,엔바이오니아,36561235825
128540,에코캡,36539239740
038060,루멘스,36221610957
024120,KB오토시스,36110000000
083550,케이엠,35991618075
393210,토마토시스템,35991523920
284620,카이노스메드,35965517911
465480,인스피언,35938401740
057030,YBM넷,35887933400
186230,그린플러스,35763615700
288980,모아데이타,35762895557
068940,셀피글로벌,35720093048
079000,와토스코리아,35712000000
348080,큐라티스,35673982329
432430,와이랩,35410346400
043910,자연과환경,35378132400
263050,유틸렉스,35324626904
020180,대신정보통신,35277743970
288620,에스프리즘,35175752640
220180,핸디소프트,35106545214
049470,비트플래닛,35081899510
148930,에이치와이티씨,34900980590
086040,바이오톡스텍,34868769695
052600,한네트,34864555500
046310,백금T&A,34643332510
352700,씨앤투스,34606675983
064480,브리지텍,34542725000
101240,씨큐브,34525438080
071850,캐스텍코리아,34426271022
215790,이노인스트루먼트,34401809246
064520,테크엘,34375933356
311390,네오크레마,34165230300
464280,티디에스팜,34009500000
184230,SGA솔루션즈,33922810284
160550,NEW,33878012684
021650,한국큐빅,33845665410
089140,넥스턴앤롤코리아,33772295970
351330,이삭엔지니어링,33609948600
069410,엔텔스,33551798600
106240,파인테크닉스,33428276000
066360,체리부로,33422554455
089150,케이씨티,33271000000
103840,우양,33223848840
290090,트윔,33184933280
452160,제이엔비,33180468150
452300,캡스톤파트너스,33085794175
200780,비씨월드제약,33063549100
173940,에프엔씨엔터,33017573160
133750,메가엠디,32980571493
475460,미트박스,32919240750
059100,아이컴포넌트,32808790400
208860,다산디엠씨,32761723945
318410,비비씨,32720381270
444530,심플랫폼,32670897960
068050,팬엔터테인먼트,32651315604
087600,픽셀플러스,32584566420
335810,프리시젼바이오,32573066904
035460,기산텔레콤,32451739500
080520,오디텍,32438724705
046390,삼화네트웍스,32327891856
148250,알엔투테크놀로지,32325422000
039290,인포뱅크,32298128270
057680,티사이언티픽,32296498905
340810,시선AI,32133918480
105550,엣지파운드리,32105890910
476080,M83,32065690000
025440,DH오토웨어,31902917880
364950,에이아이코리아,31899831025
075130,플랜티넷,31815120480
417860,오브젠,31724546440
096630,에스코넥,31530377478
271830,팸텍,31495535736
257370,피엔티엠에스,31449725415
114630,폴라리스우노,31385386608
075970,동국알앤에스,31372000000
033830,티비씨,31348021540
215090,솔디펜스,31329609333
206560,덱스터,31281847016
258830,세종메디칼,31223976612
017000,신원종합개발,31153632090
026040,제이에스티나,31109644150
072770,멤레이비티,31092561402
332290,누보,31045626312
289220,자이언트스텝,30902426085
262840,아이퀘스트,30802665080
277410,인산가,30729204000
123750,알톤,30609658685
407400,꿈비,30439830720
434480,모니터랩,30406441000
119500,포메탈,30388150080
088340,유라클,30288713920
095910,에스에너지,30285090108
246250,에스엘에스바이오,30220617614
058110,멕아이씨에스,30142895340
012620,원일특강,30140000000
007720,소노스퀘어,30139334550
457600,벡트,30087962500
031510,오스템,29932000000
187270,신화콘텍,29873623525
351320,넥사다이내믹스,29817436568
159910,에코글로우,29726555480
199480,뱅크웨어글로벌,29672071080
065950,웰크론,29558173194
038950,파인디지털,29509110850
198940,한주라이트메탈,29386848390
022220,티케이지애강,29263937135
035200,프럼파스트,29240422950
363250,진시스템,29183750260
054780,키이스트,29132849226
021880,메이슨캐피탈,28857079488
097780,에코볼트,28755307113
187220,디티앤씨,28754707835
475660,에스켐,28587055175
239610,에이치엘사이언스,28578209500
459550,알트,28524680691
462310,뉴키즈온,28443295475
109820,진매트릭스,28428734160
318010,팜스빌,28387030040
336060,웨이버스,28315257600
019570,플루토스,28253212432
900070,글로벌에스엠,28215583200
043220,티에스넥스젠,28191099330
032860,더라미,28115520648
131090,시큐브,28105671070
365590,하이딥,28029228736
099390,브레인즈컴퍼니,27949203615
031310,아이즈비전,27932105289
060540,에스에이티,27910370808
462980,아이지넷,27898688610
056730,CNT85,27836161086
197140,디지캡,27718018020
177830,파버나인,27692052885
373170,엠아이큐브솔루션,27688463280
464500,아이언디바이스,27664680951
131220,대한과학,27395250750
038620,위즈코프,27292899186
013720,청보,27190179921
355390,크라우드웍스,27145128240
037370,EG,27125536940
388610,지에프씨생명과학,27106199470
083660,CSA 코스믹,27086301682
169330,엠브레인,27072404804
045300,성우테크론,27053085780
019660,글로본,26898618357
051380,피씨디렉트,26875806144
032790,엠젠솔루션,26810030664
450520,인스웨이브,26791741116
290560,파라택시스이더리움,26745825080
318000,KBG,26701381265
013810,스페코,26687610870
232830,아이티센피엔에스,26685433764
267790,배럴,26681902230
018680,서울제약,26641543915
376180,피코그램,26635089530
363260,모비데이즈,26631600732
195500,마니커에프앤지,26619348000
130500,GH신소재,26617445160
188260,세니젠,26593263365
238490,힘스,26583754600
073540,에프알텍,26562000000
356890,싸이버원,26537491500
080530,코디,26534198250
219750,한국비티비,26497888425
008470,부스타,26433096000
047080,한빛소프트,26410993168
053060,세동,26362526567
0010F0,보원케미칼,26243180355
224060,더코디,26164860540
464580,닷밀,26099834202
066910,손오공,26077159136
109960,앱토크롬,26057705226
296640,이노에이엑스,26046607560
053950,경남제약,26007439744
900310,컬러레이,26000920050
290270,휴네시온,25988752760
430690,한싹,25985300040
406820,뷰티스킨,25953984252
378800,샤페론,25942340391
225220,제놀루션,25925718371
032750,삼진,25919320140
027040,서울전자통신,25887050340
068100,케이웨더,25823115440
310870,디와이씨,25802902554
254120,자비스,25802832530
043200,파루,25793262355
348030,모비릭스,25738184000
208710,포톤,25661717004
462510,라메디텍,25660642975
131100,티엔엔터테인먼트,25571652132
237750,피앤씨테크,25564121000
001810,무림SP,25480262500
091340,S&K폴리텍,25397074570
115160,휴맥스,25226030700
340440,세림B&G,25199987232
403490,우듬지팜,25170990272
333050,이노테나,25163786200
048470,대동스틸,25138250000
050760,에스폴리텍,25122734764
016920,카스,25089380486
387570,파인메딕스,24922737000
050110,캠시스,24899549196
398120,에스지헬스케어,24877965655
016670,디모아,24822959790
054090,삼진엘앤디,24809476608
001000,신라섬유,24714535720
432980,엠에프씨,24615340830
318020,포인트모바일,24590242728
033200,모아텍,24530069785
093380,풍강,24500696240
290520,신도기연,24453998856
397810,애드포러스,24436245950
069140,누리플랜,24379723460
121890,에스디시스템,24349929072
298060,풍전약품,24311746250
208350,지란지교시큐리티,24304710000
060380,동양에스텍,24290100000
429270,시지트로닉스,24216862405
079170,한창산업,24128000000
188040,바이오포트,24098436200
153490,우리이앤엘하루틴,24092640000
300120,라온피플,24009447760
109670,씨싸이트,23842519170
367000,플래티어,23780566845
058450,한주에이알티,23763383280
044780,에이치케이,23742924721
222980,한국맥널티,23662531035
039740,한국정보공학,23654271150
469750,아이비젼웍스,23637145966
241840,에이스토리,23611485150
342870,오아,23517600055
383930,디티앤씨알오,23510011392
007770,한일화학,23341500000
067010,이씨에스,23301390000
063760,이엘피,23266199350
045510,정원엔시스,23190690240
131180,딜리,23186500000
115480,씨유메디칼,23158580010
065150,대산F&B,23110448000
376980,원티드랩,23097521810
033050,제이엠아이,23083512800
134060,이퓨쳐,23059323750
405920,나라셀라,22832828748
052300,오션인더블유,22774267456
038870,에코심플렉스,22732247278
036480,대성미생물,22724000000
130740,티피씨글로벌,22666124790
415380,스튜디오삼익,22657090500
085810,알티캐스트,22628020953
347770,핌스,22582757496
210120,캔버스엔,22540854540
195990,루트K,22477266120
070590,인티큐브,22470944499
065370,위세아이텍,22447220160
080470,성창오토텍,22411000000
032080,아즈텍WB,22307688102
352940,인바이오,22115830550
440320,오픈놀,22055800000
054940,엑사이엔씨,22027235872
317240,TS트릴리온,21970063383
091970,LSK아이로봇,21963883700
060260,뉴보텍,21881463840
138070,신진에스엠,21879005000
353190,휴럼,21815644680
096690,에이루트,21723346800
351870,차이커뮤니케이션,21718609332
038530,케이바이오랩스,21592296777
146060,율촌,21590019905
078590,휴림에이텍,21582329040
080720,한국유니온제약,21562456300
053290,NE능률,21484199100
359090,씨엔알리서치,21459564981
252500,세화피앤씨,21448463630
024940,PN풍년,21250000000
200350,아티스트스튜디오,21191573000
223310,사토시홀딩스,21182892940
090150,아이윈,21063272379
076080,웰크론한텍,20967376768
274400,이노시뮬레이션,20944366365
049120,파인디앤씨,20938284425
032800,판타지오,20935356960
139670,키네마스터,20881719990
017250,인터엠,20750830462
140430,카티스,20748333087
438700,버넥트,20729495400
317120,라닉스,20692560000
067730,로지시스,20653823470
101400,엔시트론,20606837940
304840,피플바이오,20599599020
353590,오토앤,20536534150
065650,하이퍼코퍼레이션,20534671612
023770,플레이위드,20487473550
014100,메디앙스,20484800000
362990,드림인사이트,20328694540
373110,엑셀세라퓨틱스,20320912950
115570,스타플렉스,20280650320
238200,비피도,20245500000
372800,아이티아이즈,20196732430
032280,삼일,20072424420
021040,대호특수강,19990096854
303530,이노뎁,19962893280
088290,이원컴포텍,19940180000
098660,에스티오,19914054768
043360,디지아이,19890000000
016100,리더스코스메틱,19826727972
073570,리튬포어스,19777329904
020400,대동금속,19772829200
354200,엔젠바이오,19758785750
103230,에스앤더블류,19728000000
424760,벨로크,19676398176
455180,케이지에이,19597475664
051780,큐로홀딩스,19545372275
419540,비스토스,19513278575
275630,에스에스알,19491627680
039310,세중,19444548691
154030,아시아종묘,19443729604
331520,밸로프,19369159712
045520,크린앤사이언스,19305000000
214610,롤링스톤,19197807380
067770,세진티에스,18976300180
038880,아이에이,18973918075
034940,조아제약,18897694470
096870,엘디티,18866477740
301300,바이브컴퍼니,18824392872
192390,윈하이텍,18754789300
031860,디에이치엑스컴퍼니,18714758139
227610,아우딘퓨쳐스,18696461015
142760,모아라이프플러스,18679972140
258790,소프트캠프,18643494880
377330,이지트로닉스,18640494660
054220,비츠로시스,18508205520
054410,케이피티유,18439149680
065770,CS,18304695590
137940,넥스트아이,18268963860
335870,윙스풋,18258015570
065060,지엔코,18180821510
078860,아이오케이이엔엠,18037388960
083640,인콘,18015577130
193250,링크드,17887632354
291230,엔피,17858788875
431190,케이쓰리아이,17817731960
306040,에스제이그룹,17758490400
037400,우리엔터프라이즈,17700758550
006050,국영지앤엠,17656992958
328380,솔트웨어,17474015250
200230,텔콘RF제약,17451741320
101680,한국정밀기계,17438300000
048830,엔피케이,17357076621
322780,코퍼스코리아,17321421900
032680,소프트센,17268669468
083470,이엠앤아이,17221645503
154040,다산솔루에타,17206028744
236810,엔비티,17196106538
344860,이노진,17190870000
060900,에이전트AI,17181569265
084440,유비온,17123516795
225590,패션플랫폼,17028575200
239340,이스트에이드,17024149054
279600,미디어젠,17005755030
361670,삼영에스앤씨,17002974000
069330,유아이디,16952574000
365900,브이씨,16923344500
482680,미래에셋비전스팩7호,16881825000
241820,피씨엘,16803871920
477380,미래에셋비전스팩4호,16767000000
226340,본느,16755796548
377220,프롬바이오,16674590000
110020,전진바이오팜,16532240650
027580,상보,16487903215
115610,이미지스,16309901220
900300,오가닉티코스메틱,16260402730
018620,우진비앤지,16223177880
900340,윙입푸드,16193976084
065690,파커스,16156730650
418620,E8,16039185416
215480,토박스코리아,16038400000
291810,핀텔,15927565512
060480,국일신동,15880880000
101000,KS인더스트리,15856779200
900270,헝셩그룹,15796970538
0072Z0,KB제33호스팩,15604415000
028080,휴맥스홀딩스,15600354000
368600,아이씨에이치,15580430660
309930,조이웍스앤코,15520246534
0101C0,하나36호스팩,15410340000
0130H0,엔에이치스팩33호,15400000000
469880,하나30호스팩,15377025000
477340,에이치엠씨제7호스팩,15357950000
123840,뉴온,15340686300
131760,파인텍,15331347740
113810,디젠스,15172043715
030350,드래곤플라이,15171092867
285800,진영,15082884010
377030,비트맥스,15057658880
148780,비큐AI,14999610825
240600,유진테크놀로지,14999446915
0044K0,삼성스팩10호,14964800000
196700,웹스,14924345616
042040,케이피엠테크,14825616000
900110,딥커머스,14700730876
0115H0,삼성스팩13호,14692650000
473050,유안타제15호스팩,14580800000
405000,플라즈맵,14490126100
023790,동일스틸럭스,14429068032
191410,육일씨엔에쓰,14330242145
417180,핑거스토리,14249479440
0165X0,메리츠제2호스팩,14132480000
478440,미래에셋비전스팩6호,14102550000
303030,지니틱스,14001780804
0099W0,미래에셋비전스팩11호,13979000000
479880,한국제15호스팩,13946100000
115530,씨엔플러스,13892279322
352770,셀레스트라,13610136750
035620,바른손이앤에이,13473580632
289010,아이스크림에듀,13443226784
244460,올리패스,13415218661
489480,키움제11호스팩,13365000000
0134X0,대신밸런스제20호스팩,13338460000
389680,유디엠텍,13288146721
0164H0,한국제16호스팩,13162500000
0096B0,삼성스팩12호,13113940000
481890,엔에이치스팩31호,13102425000
0099X0,IBKS제25호스팩,13036400000
177350,베셀,13030447521
247660,나노씨엠에스,13010040400
0097F0,미래에셋비전스팩10호,13000000000
009730,이렘,12992094206
0093G0,미래에셋비전스팩8호,12761600000
065420,에스아이리소스,12740759222
018700,졸스,12736765568
489730,디비금융제13호스팩,12727320000
060230,제이케이시냅스,12723910740
478390,KB제29호스팩,12719900000
054180,메디콕스,12686716395
471050,대신밸런스제17호스팩,12665400000
0037T0,KB제32호스팩,12622020000
0054V0,엔에이치스팩32호,12526247500
079950,인베니아,12446788200
0131D0,키움히어로제2호스팩,12437010000
492220,KB제31호스팩,12432420000
0088D0,메리츠제1호스팩,12343350000
482520,교보16호스팩,12322000000
065570,삼영이엔씨,12295692232
250930,예선테크,12210162800
0091W0,신영스팩11호,12136000000
308100,형지글로벌,12131619040
0041L0,하나35호스팩,12102210000
002680,한탑,12086482826
477760,DB금융스팩12호,11942800000
0132G0,교보20호스팩,11898210000
900100,파이온엑스,11844732250
092600,앤씨앤,11789252050
482690,대신밸런스제19호스팩,11623050000
469900,하나31호스팩,11602350000
043590,웰킵스하이텍,11533123850
0071M0,삼성스팩11호,11520000000
060240,스타코링크,11502414560
477470,미래에셋비전스팩5호,11425800000
474660,신한제12호스팩,11398800000
487360,신한제14호스팩,11336400000
474490,유안타제16호스팩,11323050000
0105P0,유진스팩12호,11320000000
496070,신한제16호스팩,11268100000
0129K0,신한제18호스팩,11138840000
009620,삼보산업,11130331576
368970,오에스피,11121231570
199730,바이오인프라,11042113090
0096D0,미래에셋비전스팩9호,10961500000
079190,케스피온,10950499247
0098T0,교보19호스팩,10827000000
486630,KB제30호스팩,10726200000
493790,유안타제17호스팩,10699650000
208640,썸에이지,10679727175
0004Y0,디비금융제14호스팩,10656575000
0130D0,신한제17호스팩,10647960000
043100,알파AI,10457241600
489210,교보17호스팩,10437700000
312610,에이에프더블류,10412040432
0041B0,교보18호스팩,10306800000
478110,이베스트스팩6호,10265900000
466690,키움히어로제1호스팩,10190000000
498390,한화플러스제5호스팩,10068800000
035290,골드앤에스,10035899040
087260,모바일어플라이언스,9928622605
472220,신영스팩10호,9849000000
488060,유진스팩11호,9558000000
106080,케이이엠텍,9506998050
012340,뉴인텍,9288856464
484130,하나34호스팩,9220800000
469480,IBKS제24호스팩,9009900000
225430,케이엠제약,8996362330
473950,에스케이증권제13호스팩,8994700000
050090,비케이홀딩스,8966734035
467930,IBKS제23호스팩,8904150000
465320,교보15호스팩,8896350000
487830,신한제15호스팩,8830500000
468760,유진스팩10호,8819200000
011080,형지I&C,8764374480
472230,에스케이증권제11호스팩,8621625000
0068Y0,비엔케이제3호스팩,8559660000
487720,키움제10호스팩,8544600000
084180,수성웹툰,8531061576
900120,씨엑스아이,8410837160
03481K,해성산업1우,8278492530
025870,신라에스지,8220000000
0041J0,엘에스스팩1호,8183010000
073190,듀오백,8078427000
079970,투비소프트,7646223464
475250,하나33호스팩,7640500000
474930,신한제13호스팩,7547700000
121850,코이즈,7357933545
276040,스코넥,7073119545
473000,에스케이증권제12호스팩,6818600000
069920,엑시온그룹,6777163809
475240,하나32호스팩,6688000000
008290,원풍물산,5941276988
044180,KD,5477148795
313760,캐리,5244963048
043090,더테크놀로지,4718944500
052770,아이톡시,4545457488
203690,아크솔루션스,3084069960
021045,대호특수강우,1739408600
032685,소프트센우,749301000
